{
  "version": "5",
  "dialect": "pg",
  "entries": [
    {
      "idx": 0,
      "version": "5",
      "when": 1720261195934,
      "tag": "0000_clever_tiger_shark",
      "breakpoints": true
    },
    {
      "idx": 1,
      "version": "5",
      "when": 1720497974102,
      "tag": "0001_wide_viper",
      "breakpoints": true
    },
    {
      "idx": 2,
      "version": "5",
      "when": 1720515837811,
      "tag": "0002_hesitant_namorita",
      "breakpoints": true
    },
    {
      "idx": 3,
      "version": "5",
      "when": 1720527026610,
      "tag": "0003_regular_lockheed",
      "breakpoints": true
    },
    {
      "idx": 4,
      "version": "5",
      "when": 1727083203279,
      "tag": "0004_stale_pete_wisdom",
      "breakpoints": true
    }
  ]
}